Ion,Dose,Ion Energy,Wavelength,Rep. Rate,Power,Temperature,Rs
2.0,50.0,55.0,355.0,50.0,1.66,300.0,146.6
1.0,50.0,40.0,532.0,50.0,4.5,300.0,47.8
1.0,50.0,25.0,532.0,50.0,6.0,300.0,44.32333333
1.0,20.0,40.0,532.0,50.0,6.0,25.0,119.2333333
2.0,50.0,40.0,532.0,50.0,6.0,300.0,57.45
1.0,50.0,40.0,355.0,50.0,3.0,300.0,53.85
2.0,50.0,55.0,532.0,50.0,4.5,300.0,55.70333333
1.0,50.0,40.0,355.0,50.0,1.66,25.0,172.45
1.0,50.0,55.0,532.0,100.0,4.5,300.0,130.6666667
2.0,20.0,55.0,532.0,100.0,4.5,300.0,252.5
2.0,20.0,55.0,355.0,50.0,1.66,25.0,563.3333333
2.0,20.0,55.0,355.0,50.0,2.33,25.0,233.5333333
2.0,50.0,55.0,532.0,50.0,6.0,25.0,58.65
2.0,20.0,40.0,532.0,100.0,6.0,25.0,265.6333333
1.0,20.0,40.0,355.0,100.0,1.5,25.0,1258666.667
1.0,50.0,55.0,532.0,50.0,6.0,300.0,50.27
1.0,50.0,40.0,532.0,50.0,4.5,300.0,47.8
1.0,50.0,25.0,532.0,50.0,6.0,300.0,44.32333333
1.0,20.0,10.0,532.0,50.0,4.5,300.0,99.84666667
2.0,50.0,25.0,355.0,50.0,1.66,25.0,183.0
1.0,50.0,55.0,532.0,50.0,3.0,300.0,75.7
1.0,50.0,40.0,532.0,50.0,4.5,300.0,47.8
1.0,50.0,40.0,532.0,100.0,3.0,300.0,242.37
1.0,50.0,40.0,532.0,50.0,4.5,300.0,47.8
1.0,50.0,25.0,355.0,50.0,1.66,25.0,150.3333333
1.0,20.0,25.0,355.0,50.0,2.33,25.0,209.2333333
2.0,50.0,10.0,355.0,100.0,2.0,25.0,4043.666667
1.0,50.0,10.0,355.0,100.0,1.5,25.0,948200.0
1.0,50.0,25.0,355.0,50.0,3.0,25.0,62.24
1.0,20.0,25.0,355.0,100.0,2.0,25.0,11180.0
2.0,50.0,25.0,355.0,50.0,1.66,300.0,154.4666667
2.0,20.0,25.0,355.0,50.0,2.33,300.0,171.2333333
1.0,50.0,25.0,532.0,50.0,6.0,25.0,49.21
2.0,50.0,25.0,355.0,100.0,2.0,300.0,440.2666667
2.0,50.0,10.0,532.0,50.0,6.0,300.0,58.41
1.0,50.0,10.0,355.0,50.0,3.0,300.0,54.93
1.0,50.0,25.0,355.0,50.0,3.0,300.0,53.30333333
1.0,50.0,25.0,532.0,50.0,6.0,300.0,44.32333333
1.0,50.0,25.0,532.0,50.0,6.0,300.0,44.32333333
1.0,50.0,25.0,532.0,50.0,6.0,300.0,44.32333333
1.0,50.0,25.0,532.0,50.0,3.0,300.0,65.69
1.0,50.0,40.0,532.0,50.0,4.5,300.0,47.8
1.0,50.0,25.0,532.0,50.0,6.0,300.0,44.32333333
1.0,50.0,25.0,532.0,50.0,6.0,300.0,44.32333333
1.0,50.0,25.0,532.0,50.0,6.0,300.0,44.32333333
1.0,50.0,25.0,532.0,50.0,6.0,300.0,44.32333333
1.0,50.0,25.0,532.0,50.0,6.0,300.0,44.32333333
1.0,20.0,25.0,355.0,50.0,2.33,300.0,151.5333333
1.0,50.0,25.0,532.0,50.0,6.0,300.0,44.32333333
1.0,50.0,25.0,532.0,50.0,6.0,300.0,44.32333333
Best Timestep,3,Minimum Rs,44.32333333
Count berfore best timestep,3,Total count,35
