Ion,Dose,Ion Energy,Wavelength,Rep. Rate,Power,Temperature,Rs
1.0,50.0,40.0,532.0,100.0,3.0,300.0,242.37
1.0,50.0,40.0,532.0,100.0,4.5,300.0,108.38
1.0,20.0,25.0,532.0,100.0,6.0,300.0,147.8
1.0,20.0,25.0,532.0,100.0,4.5,25.0,322.9
2.0,50.0,40.0,532.0,50.0,6.0,300.0,57.45
2.0,50.0,25.0,532.0,50.0,6.0,300.0,54.88666667
2.0,50.0,10.0,532.0,50.0,6.0,300.0,58.41
1.0,50.0,10.0,355.0,50.0,2.33,25.0,89.73
2.0,50.0,25.0,532.0,50.0,6.0,300.0,54.88666667
1.0,20.0,40.0,532.0,50.0,4.5,300.0,95.7
2.0,20.0,55.0,355.0,50.0,1.66,25.0,563.3333333
2.0,50.0,55.0,532.0,50.0,4.5,300.0,55.70333333
2.0,50.0,40.0,532.0,50.0,6.0,300.0,57.45
2.0,20.0,40.0,532.0,100.0,4.5,300.0,254.8666667
1.0,20.0,40.0,355.0,100.0,1.0,300.0,100000000000.0
1.0,50.0,40.0,532.0,50.0,4.5,300.0,47.8
1.0,50.0,25.0,532.0,50.0,6.0,300.0,44.32333333
2.0,50.0,40.0,532.0,50.0,6.0,300.0,57.45
2.0,50.0,25.0,532.0,50.0,6.0,300.0,54.88666667
1.0,50.0,40.0,355.0,50.0,2.33,25.0,72.52
1.0,50.0,40.0,532.0,50.0,3.0,300.0,76.3
1.0,50.0,25.0,532.0,50.0,4.5,300.0,45.19
1.0,50.0,25.0,532.0,100.0,3.0,300.0,190.5333333
2.0,50.0,40.0,532.0,50.0,4.5,300.0,55.98666667
2.0,50.0,25.0,532.0,50.0,6.0,300.0,54.88666667
2.0,50.0,10.0,532.0,50.0,6.0,300.0,58.41
1.0,50.0,10.0,532.0,100.0,6.0,300.0,63.37
2.0,50.0,10.0,532.0,100.0,4.5,300.0,130.5333333
1.0,50.0,10.0,532.0,50.0,6.0,300.0,48.4
2.0,50.0,25.0,532.0,50.0,6.0,300.0,54.88666667
1.0,50.0,40.0,532.0,50.0,3.0,300.0,76.3
1.0,20.0,40.0,532.0,50.0,4.5,300.0,95.7
2.0,50.0,25.0,532.0,50.0,6.0,300.0,54.88666667
1.0,50.0,25.0,355.0,100.0,2.0,25.0,3198.0
1.0,50.0,40.0,532.0,50.0,6.0,300.0,47.54
2.0,50.0,25.0,355.0,50.0,3.0,300.0,64.15
2.0,50.0,40.0,532.0,50.0,6.0,300.0,57.45
2.0,50.0,25.0,532.0,50.0,6.0,300.0,54.88666667
2.0,50.0,10.0,532.0,50.0,6.0,300.0,58.41
2.0,50.0,10.0,532.0,50.0,6.0,300.0,58.41
1.0,50.0,40.0,532.0,50.0,3.0,300.0,76.3
1.0,50.0,25.0,532.0,50.0,4.5,300.0,45.19
1.0,50.0,10.0,532.0,50.0,6.0,300.0,48.4
2.0,50.0,25.0,532.0,50.0,6.0,300.0,54.88666667
2.0,50.0,10.0,532.0,50.0,6.0,300.0,58.41
2.0,50.0,10.0,532.0,50.0,6.0,300.0,58.41
2.0,50.0,10.0,532.0,50.0,6.0,300.0,58.41
2.0,20.0,10.0,355.0,50.0,3.0,300.0,139.0
1.0,50.0,10.0,532.0,50.0,6.0,300.0,48.4
2.0,50.0,25.0,532.0,50.0,6.0,300.0,54.88666667
Best Timestep,17,Minimum Rs,44.32333333
Count berfore best timestep,15,Total count,27
